{
  "CLICK DELETE PROFILE" : {
    "transaction" : "CLICK DELETE PROFILE",
    "sampleCount" : 5,
    "errorCount" : 0,
    "errorPct" : 0.0,
    "meanResTime" : 459.6,
    "medianResTime" : 458.0,
    "minResTime" : 404.0,
    "maxResTime" : 554.0,
    "pct1ResTime" : 554.0,
    "pct2ResTime" : 554.0,
    "pct3ResTime" : 554.0,
    "throughput" : 4.277159965782721,
    "receivedKBytesPerSec" : 11.340321588964926,
    "sentKBytesPerSec" : 6.883554319931565
  },
  "CLICK EDIT PROFILE-317" : {
    "transaction" : "CLICK EDIT PROFILE-317",
    "sampleCount" : 5,
    "errorCount" : 5,
    "errorPct" : 100.0,
    "meanResTime" : 192.4,
    "medianResTime" : 179.0,
    "minResTime" : 144.0,
    "maxResTime" : 274.0,
    "pct1ResTime" : 274.0,
    "pct2ResTime" : 274.0,
    "pct3ResTime" : 274.0,
    "throughput" : 5.688282138794084,
    "receivedKBytesPerSec" : 8.165795648464163,
    "sentKBytesPerSec" : 4.140669439704209
  },
  "CLICK EDIT PROFILE-316" : {
    "transaction" : "CLICK EDIT PROFILE-316",
    "sampleCount" : 5,
    "errorCount" : 0,
    "errorPct" : 0.0,
    "meanResTime" : 206.8,
    "medianResTime" : 192.0,
    "minResTime" : 181.0,
    "maxResTime" : 241.0,
    "pct1ResTime" : 241.0,
    "pct2ResTime" : 241.0,
    "pct3ResTime" : 241.0,
    "throughput" : 5.417118093174431,
    "receivedKBytesPerSec" : 6.6920453006500535,
    "sentKBytesPerSec" : 2.6873984290357527
  },
  "CLICK EDIT PROFILE-319" : {
    "transaction" : "CLICK EDIT PROFILE-319",
    "sampleCount" : 5,
    "errorCount" : 0,
    "errorPct" : 0.0,
    "meanResTime" : 147.6,
    "medianResTime" : 148.0,
    "minResTime" : 135.0,
    "maxResTime" : 158.0,
    "pct1ResTime" : 158.0,
    "pct2ResTime" : 158.0,
    "pct3ResTime" : 158.0,
    "throughput" : 6.578947368421052,
    "receivedKBytesPerSec" : 8.12731291118421,
    "sentKBytesPerSec" : 3.257349917763158
  },
  "CLICK EDIT PROFILE" : {
    "transaction" : "CLICK EDIT PROFILE",
    "sampleCount" : 15,
    "errorCount" : 5,
    "errorPct" : 33.333332,
    "meanResTime" : 235.93333333333337,
    "medianResTime" : 239.0,
    "minResTime" : 144.0,
    "maxResTime" : 324.0,
    "pct1ResTime" : 318.0,
    "pct2ResTime" : 324.0,
    "pct3ResTime" : 324.0,
    "throughput" : 10.73729420186113,
    "receivedKBytesPerSec" : 18.402296215103792,
    "sentKBytesPerSec" : 7.942521921975662
  },
  "CLICK EDIT PROFILE-318" : {
    "transaction" : "CLICK EDIT PROFILE-318",
    "sampleCount" : 5,
    "errorCount" : 0,
    "errorPct" : 0.0,
    "meanResTime" : 161.0,
    "medianResTime" : 165.0,
    "minResTime" : 145.0,
    "maxResTime" : 168.0,
    "pct1ResTime" : 168.0,
    "pct2ResTime" : 168.0,
    "pct3ResTime" : 168.0,
    "throughput" : 6.485084306095979,
    "receivedKBytesPerSec" : 8.011359030479897,
    "sentKBytesPerSec" : 3.2425421530479897
  },
  "SIGNUP-296" : {
    "transaction" : "SIGNUP-296",
    "sampleCount" : 5,
    "errorCount" : 0,
    "errorPct" : 0.0,
    "meanResTime" : 215.6,
    "medianResTime" : 224.0,
    "minResTime" : 139.0,
    "maxResTime" : 278.0,
    "pct1ResTime" : 278.0,
    "pct2ResTime" : 278.0,
    "pct3ResTime" : 278.0,
    "throughput" : 4.935834155972359,
    "receivedKBytesPerSec" : 2.347413314412636,
    "sentKBytesPerSec" : 2.3329528627838108
  },
  "SIGNUP" : {
    "transaction" : "SIGNUP",
    "sampleCount" : 5,
    "errorCount" : 0,
    "errorPct" : 0.0,
    "meanResTime" : 215.6,
    "medianResTime" : 224.0,
    "minResTime" : 139.0,
    "maxResTime" : 278.0,
    "pct1ResTime" : 278.0,
    "pct2ResTime" : 278.0,
    "pct3ResTime" : 278.0,
    "throughput" : 4.940711462450593,
    "receivedKBytesPerSec" : 2.349732892786561,
    "sentKBytesPerSec" : 2.335258152173913
  },
  "CLICK TEMPLATE-303" : {
    "transaction" : "CLICK TEMPLATE-303",
    "sampleCount" : 5,
    "errorCount" : 0,
    "errorPct" : 0.0,
    "meanResTime" : 261.4,
    "medianResTime" : 250.0,
    "minResTime" : 176.0,
    "maxResTime" : 352.0,
    "pct1ResTime" : 352.0,
    "pct2ResTime" : 352.0,
    "pct3ResTime" : 352.0,
    "throughput" : 4.990019960079841,
    "receivedKBytesPerSec" : 6.164428954590818,
    "sentKBytesPerSec" : 2.6119635728542914
  },
  "CLICK TEMPLATE-302" : {
    "transaction" : "CLICK TEMPLATE-302",
    "sampleCount" : 5,
    "errorCount" : 0,
    "errorPct" : 0.0,
    "meanResTime" : 236.2,
    "medianResTime" : 226.0,
    "minResTime" : 171.0,
    "maxResTime" : 300.0,
    "pct1ResTime" : 300.0,
    "pct2ResTime" : 300.0,
    "pct3ResTime" : 300.0,
    "throughput" : 4.821600771456123,
    "receivedKBytesPerSec" : 5.956372046769528,
    "sentKBytesPerSec" : 2.410800385728062
  },
  "CLICK MY PROFILE" : {
    "transaction" : "CLICK MY PROFILE",
    "sampleCount" : 5,
    "errorCount" : 0,
    "errorPct" : 0.0,
    "meanResTime" : 429.6,
    "medianResTime" : 430.0,
    "minResTime" : 331.0,
    "maxResTime" : 528.0,
    "pct1ResTime" : 528.0,
    "pct2ResTime" : 528.0,
    "pct3ResTime" : 528.0,
    "throughput" : 3.930817610062893,
    "receivedKBytesPerSec" : 9.711883352987421,
    "sentKBytesPerSec" : 3.9116241647012577
  },
  "CLICK TEMPLATE" : {
    "transaction" : "CLICK TEMPLATE",
    "sampleCount" : 5,
    "errorCount" : 0,
    "errorPct" : 0.0,
    "meanResTime" : 497.6,
    "medianResTime" : 476.0,
    "minResTime" : 396.0,
    "maxResTime" : 631.0,
    "pct1ResTime" : 631.0,
    "pct2ResTime" : 631.0,
    "pct3ResTime" : 631.0,
    "throughput" : 4.071661237785016,
    "receivedKBytesPerSec" : 10.059866144136809,
    "sentKBytesPerSec" : 4.167090798045603
  },
  "CLICK MY PROFILE-311" : {
    "transaction" : "CLICK MY PROFILE-311",
    "sampleCount" : 5,
    "errorCount" : 0,
    "errorPct" : 0.0,
    "meanResTime" : 234.2,
    "medianResTime" : 242.0,
    "minResTime" : 166.0,
    "maxResTime" : 324.0,
    "pct1ResTime" : 324.0,
    "pct2ResTime" : 324.0,
    "pct3ResTime" : 324.0,
    "throughput" : 4.686035613870665,
    "receivedKBytesPerSec" : 5.788901417525773,
    "sentKBytesPerSec" : 2.32013677366448
  },
  "Total" : {
    "transaction" : "Total",
    "sampleCount" : 64,
    "errorCount" : 5,
    "errorPct" : 7.8125,
    "meanResTime" : 201.171875,
    "medianResTime" : 174.5,
    "minResTime" : 130.0,
    "maxResTime" : 352.0,
    "pct1ResTime" : 318.5,
    "pct2ResTime" : 337.25,
    "pct3ResTime" : 352.0,
    "throughput" : 19.37632455343627,
    "receivedKBytesPerSec" : 24.26741551241296,
    "sentKBytesPerSec" : 9.977021363154709
  },
  "LAUNCH PAGE" : {
    "transaction" : "LAUNCH PAGE",
    "sampleCount" : 5,
    "errorCount" : 0,
    "errorPct" : 0.0,
    "meanResTime" : 321.2,
    "medianResTime" : 327.0,
    "minResTime" : 282.0,
    "maxResTime" : 349.0,
    "pct1ResTime" : 349.0,
    "pct2ResTime" : 349.0,
    "pct3ResTime" : 349.0,
    "throughput" : 4.440497335701599,
    "receivedKBytesPerSec" : 15.658824100799292,
    "sentKBytesPerSec" : 1.5047388432504443
  },
  "LAUNCH PAGE-242" : {
    "transaction" : "LAUNCH PAGE-242",
    "sampleCount" : 4,
    "errorCount" : 0,
    "errorPct" : 0.0,
    "meanResTime" : 331.0,
    "medianResTime" : 331.0,
    "minResTime" : 313.0,
    "maxResTime" : 349.0,
    "pct1ResTime" : 349.0,
    "pct2ResTime" : 349.0,
    "pct3ResTime" : 349.0,
    "throughput" : 4.371584699453552,
    "receivedKBytesPerSec" : 15.415812841530053,
    "sentKBytesPerSec" : 1.481386612021858
  },
  "CLICK MY PROFILE-308" : {
    "transaction" : "CLICK MY PROFILE-308",
    "sampleCount" : 5,
    "errorCount" : 0,
    "errorPct" : 0.0,
    "meanResTime" : 195.4,
    "medianResTime" : 173.0,
    "minResTime" : 160.0,
    "maxResTime" : 278.0,
    "pct1ResTime" : 278.0,
    "pct2ResTime" : 278.0,
    "pct3ResTime" : 278.0,
    "throughput" : 4.854368932038835,
    "receivedKBytesPerSec" : 5.9968522451456305,
    "sentKBytesPerSec" : 2.4271844660194173
  },
  "CLICK DELETE PROFILE-322" : {
    "transaction" : "CLICK DELETE PROFILE-322",
    "sampleCount" : 5,
    "errorCount" : 0,
    "errorPct" : 0.0,
    "meanResTime" : 156.4,
    "medianResTime" : 149.0,
    "minResTime" : 137.0,
    "maxResTime" : 196.0,
    "pct1ResTime" : 196.0,
    "pct2ResTime" : 196.0,
    "pct3ResTime" : 196.0,
    "throughput" : 5.827505827505828,
    "receivedKBytesPerSec" : 7.19901842948718,
    "sentKBytesPerSec" : 2.8852982954545454
  },
  "CLICK DELETE PROFILE-321" : {
    "transaction" : "CLICK DELETE PROFILE-321",
    "sampleCount" : 5,
    "errorCount" : 0,
    "errorPct" : 0.0,
    "meanResTime" : 151.6,
    "medianResTime" : 151.0,
    "minResTime" : 137.0,
    "maxResTime" : 172.0,
    "pct1ResTime" : 172.0,
    "pct2ResTime" : 172.0,
    "pct3ResTime" : 172.0,
    "throughput" : 6.150061500615006,
    "receivedKBytesPerSec" : 7.597488084255843,
    "sentKBytesPerSec" : 3.075030750307503
  },
  "CLICK DELETE PROFILE-320" : {
    "transaction" : "CLICK DELETE PROFILE-320",
    "sampleCount" : 5,
    "errorCount" : 0,
    "errorPct" : 0.0,
    "meanResTime" : 151.6,
    "medianResTime" : 150.0,
    "minResTime" : 130.0,
    "maxResTime" : 186.0,
    "pct1ResTime" : 186.0,
    "pct2ResTime" : 186.0,
    "pct3ResTime" : 186.0,
    "throughput" : 6.25,
    "receivedKBytesPerSec" : 1.129150390625,
    "sentKBytesPerSec" : 3.839111328125
  }
}